City,CrashRate
Boston,508.35555555555555
Cambridge,904.9152542372882
Somerville,604.1975308641976
