City,CrashRate
BOSTON,508.35555555555555
CAMBRIDGE,904.9152542372882
SOMERVILLE,604.1975308641976
